{
	"type": unitFactory,
	"regionSuffix": -dark,
	"configurable": false,
	"plans": [
		{
			"unit": renale,
			"time": 2700,
			"requirements": [
				silicon / 50
			]
		}
	],
	"localizedName": "Neo Fabricator",
	"category": units,
	"health": 500
	"liquidCapacity": 20,
	"conductivePower": true,
	"size": 3,
	"itemCapacity": 50,
	"breakable": true,
	"fogRadius": 3,
	"requirements": [
		silicon / 50,
		beryllium / 50,
		tungsten / 50,
		graphite / 50
	],
	
	"consumes": {
		"liquid": neoplasm / 0.1,
		"power": 2
	}
}