{
	"ammoTypes": {
		"water": {
			"type": {
				"LiquidBulletType": water
			},
			"knockback": 1.7,
			"damage": 0.2,
			"ammoMultiplier": 1,
			"status": wet,
			"statusDuration": 240
		},
		"slag": {
			"type": {
				"LiquidBulletType": slag
			},
			"damage": 4.75,
			"knockback": 1.3,
			"status": melting,
			"statusDuration": 240,
			"ammoMultiplier": 1
		},
		"cryofluid": {
			"type": {
				"LiquidBulletType": cryofluid
			},
			"knockback": 1.3,
			"damage": 0.2,
			"status": freezing,
			"statusDuration": 240,
			"ammoMultiplier": 1
		},
		"oil": {
			"type": {
				"LiquidBulletType": oil
			},
			"knockback": 1.3,
			"damage": 0.2,
			"status": tarred,
			"statusDuration": 240,
			"ammoMultiplier": 1
		},
		"neoplasm": {
			"type": {
				"LiquidBulletType": slag
			},
			"damage": 4.75,
			"status": sapped,
			"statusDuration": 240,
			"knockback": 1.3,
			"ammoMultiplier": 1
		},
		"brine": {
			"type": {
				"LiquidBulletType": water
			},
			"damage": 0.2,
			"knockback": 1.7
			"status": unmoving,
			"statusDuration": 60,
			"ammoMultiplier": 1
		}
	}
}