{
	"ammoTypes": {
		"water": {
			"type": {
				"LiquidBulletType": water
			},
			"knockback": 0.7,
			"damage": 0,
			"ammoMultiplier": 1,
			"status": wet,
			"statusDuration": 120
		},
		"slag": {
			"type": {
				"LiquidBulletType": slag
			},
			"damage": 4,
			"knockback": 0.55,
			"status": melting,
			"statusDuration": 120,
			"ammoMultiplier": 1
		},
		"cryofluid": {
			"type": {
				"LiquidBulletType": cryofluid
			},
			"knockback": 0.55,
			"damage": 0,
			"status": freezing,
			"statusDuration": 120,
			"ammoMultiplier": 1
		},
		"oil": {
			"type": {
				"LiquidBulletType": oil
			},
			"knockback": 0.55,
			"damage": 0,
			"status": tarred,
			"statusDuration": 120,
			"ammoMultiplier": 1
		},
		"neoplasm": {
			"type": {
				"LiquidBulletType": slag
			},
			"damage": 4,
			"status": sapped,
			"statusDuration": 120,
			"knockback": 0.55,
			"ammoMultiplier": 1
		},
		"brine": {
			"type": {
				"LiquidBulletType": water
			},
			"damage": 0,
			"knockback": 0.7
			"status": unmoving,
			"statusDuration": 60,
			"ammoMultiplier": 1
		}
	}
}